Current_Income_Yearly,Contact_Notes,Sales_Region,School_Attended,Lead_Status,Company_Owner,Company_Facebook,Lifecycle_Stage,Next_Activity_Date,UTM_Campaign,Referrer_Email_Address,Employee_Range,State_Region,Residence_Status_Id,Salutation,Referrer_Name,Company_State_Region,Solution_Group_Id,Company_Phone,Secondary_Business_Acc_Mgr
139839,"Generated note 1. Generated note 1. Generated note 1. Generated note 1. Generated note 1. Generated note 1. Generated note 1. Generated note 1. Generated note 1. Generated note 1. ",Value_Sales_Region_1,"Test University 1",Working,"Owner 1",https://facebook.com/company1,Lead,2026-03-04,"Campaign 2",Value_Referrer_Email_Address_1,11-50,KL,9fc97bc0-4dd5-475e-9f1f-e0d8f628480a,Ms,"Referrer 1",KL,f067060c-08d0-4dda-9916-4f0b4f12fde9,039048452,Value_Secondary_Business_Acc_Mgr_1
43813,"Generated note 2. Generated note 2. Generated note 2. Generated note 2. Generated note 2. Generated note 2. Generated note 2. Generated note 2. Generated note 2. Generated note 2. ",Value_Sales_Region_2,"Test University 2",Nurture,"Owner 2",https://facebook.com/company2,Customer,2026-03-04,"Campaign 3",Value_Referrer_Email_Address_2,51-200,KL,51d8cd27-5e1e-4f88-886b-0da811edbcb7,Mrs,"Referrer 2",KL,112b36fe-21f6-43b6-803d-ba30aef17406,034078265,Value_Secondary_Business_Acc_Mgr_2
54674,"Generated note 3. Generated note 3. Generated note 3. Generated note 3. Generated note 3. Generated note 3. Generated note 3. Generated note 3. Generated note 3. Generated note 3. ",Value_Sales_Region_3,"Test University 3",Converted,"Owner 3",https://facebook.com/company3,Alumni,2026-03-04,"Campaign 4",Value_Referrer_Email_Address_3,201-500,KL,a96128c8-15a5-4f17-a4a3-39a107804d1a,Dr,"Referrer 3",KL,a57af7a1-6b47-4af3-8977-a8436741a151,036289601,Value_Secondary_Business_Acc_Mgr_3
76149,"Generated note 4. Generated note 4. Generated note 4. Generated note 4. Generated note 4. Generated note 4. Generated note 4. Generated note 4. Generated note 4. Generated note 4. ",Value_Sales_Region_4,"Test University 4",New,"Owner 4",https://facebook.com/company4,Prospect,2026-03-04,"Campaign 5",Value_Referrer_Email_Address_4,1-10,KL,2a4b866d-e696-4a0b-9620-11c05e062998,Mdm,"Referrer 4",KL,f266ef2e-f625-4dd5-b7d6-0df6411e9a69,032960353,Value_Secondary_Business_Acc_Mgr_4
78828,"Generated note 5. Generated note 5. Generated note 5. Generated note 5. Generated note 5. Generated note 5. Generated note 5. Generated note 5. Generated note 5. Generated note 5. ",Value_Sales_Region_5,"Test University 5",Working,"Owner 5",https://facebook.com/company5,Lead,2026-03-04,"Campaign 1",Value_Referrer_Email_Address_5,11-50,KL,fc7b158f-fe57-4cc3-9c7a-981dd88e23ab,Mr,"Referrer 5",KL,bf7b2c85-e9d4-44d8-a674-398f8424e2db,037798645,Value_Secondary_Business_Acc_Mgr_5
74909,"Generated note 6. Generated note 6. Generated note 6. Generated note 6. Generated note 6. Generated note 6. Generated note 6. Generated note 6. Generated note 6. Generated note 6. ",Value_Sales_Region_6,"Test University 6",Nurture,"Owner 6",https://facebook.com/company6,Customer,2026-03-04,"Campaign 2",Value_Referrer_Email_Address_6,51-200,KL,512cbb5f-371d-4d42-9ac3-9690d53c0519,Ms,"Referrer 6",KL,dda6cdab-5227-4057-b572-fedeb68b6746,033304949,Value_Secondary_Business_Acc_Mgr_6
86513,"Generated note 7. Generated note 7. Generated note 7. Generated note 7. Generated note 7. Generated note 7. Generated note 7. Generated note 7. Generated note 7. Generated note 7. ",Value_Sales_Region_7,"Test University 7",Converted,"Owner 7",https://facebook.com/company7,Alumni,2026-03-04,"Campaign 3",Value_Referrer_Email_Address_7,201-500,KL,95abeb12-4665-42f1-90ea-fec20de039d2,Mrs,"Referrer 7",KL,15f0b24d-e199-40ad-b284-7e66fb6babbf,033649755,Value_Secondary_Business_Acc_Mgr_7
33685,"Generated note 8. Generated note 8. Generated note 8. Generated note 8. Generated note 8. Generated note 8. Generated note 8. Generated note 8. Generated note 8. Generated note 8. ",Value_Sales_Region_8,"Test University 8",New,"Owner 8",https://facebook.com/company8,Prospect,2026-03-04,"Campaign 4",Value_Referrer_Email_Address_8,1-10,KL,51792b34-09c9-4291-81ad-dde792e23311,Dr,"Referrer 8",KL,c34f126b-2fbe-45f9-a601-cf72187ab70f,036970740,Value_Secondary_Business_Acc_Mgr_8
137730,"Generated note 9. Generated note 9. Generated note 9. Generated note 9. Generated note 9. Generated note 9. Generated note 9. Generated note 9. Generated note 9. Generated note 9. ",Value_Sales_Region_9,"Test University 9",Working,"Owner 9",https://facebook.com/company9,Lead,2026-03-04,"Campaign 5",Value_Referrer_Email_Address_9,11-50,KL,dfc2c812-85d5-4af5-bf2c-9e92550ec909,Mdm,"Referrer 9",KL,24fb0146-e84d-4f7f-9dc2-c056de0e69b6,039756055,Value_Secondary_Business_Acc_Mgr_9
96392,"Generated note 10. Generated note 10. Generated note 10. Generated note 10. Generated note 10. Generated note 10. Generated note 10. Generated note 10. Generated note 10. Generated note 10. ",Value_Sales_Region_10,"Test University 10",Nurture,"Owner 10",https://facebook.com/company10,Customer,2026-03-04,"Campaign 1",Value_Referrer_Email_Address_10,51-200,KL,15987eae-c303-4a9b-97b8-e2750e798121,Mr,"Referrer 10",KL,ac1e4948-a2fb-41f4-a77f-6b320162ca61,037293469,Value_Secondary_Business_Acc_Mgr_10
114420,"Generated note 11. Generated note 11. Generated note 11. Generated note 11. Generated note 11. Generated note 11. Generated note 11. Generated note 11. Generated note 11. Generated note 11. ",Value_Sales_Region_11,"Test University 11",Converted,"Owner 11",https://facebook.com/company11,Alumni,2026-03-04,"Campaign 2",Value_Referrer_Email_Address_11,201-500,KL,83d68110-a4e9-4a84-8464-445a0ec7972f,Ms,"Referrer 11",KL,86f99f36-bc9c-4720-8e6c-79ca29684d83,036519262,Value_Secondary_Business_Acc_Mgr_11
136720,"Generated note 12. Generated note 12. Generated note 12. Generated note 12. Generated note 12. Generated note 12. Generated note 12. Generated note 12. Generated note 12. Generated note 12. ",Value_Sales_Region_12,"Test University 12",New,"Owner 12",https://facebook.com/company12,Prospect,2026-03-04,"Campaign 3",Value_Referrer_Email_Address_12,1-10,KL,5f01594e-7ace-4728-b4b2-9eb0984027a7,Mrs,"Referrer 12",KL,f0edc960-0267-4585-8f04-30d8387ab4e2,039384739,Value_Secondary_Business_Acc_Mgr_12
105347,"Generated note 13. Generated note 13. Generated note 13. Generated note 13. Generated note 13. Generated note 13. Generated note 13. Generated note 13. Generated note 13. Generated note 13. ",Value_Sales_Region_13,"Test University 13",Working,"Owner 13",https://facebook.com/company13,Lead,2026-03-04,"Campaign 4",Value_Referrer_Email_Address_13,11-50,KL,11feda20-d581-42cf-bc35-6e8e6ddbb3ff,Dr,"Referrer 13",KL,013dd530-7071-4434-8a9f-5d351b9200e9,033346452,Value_Secondary_Business_Acc_Mgr_13
95169,"Generated note 14. Generated note 14. Generated note 14. Generated note 14. Generated note 14. Generated note 14. Generated note 14. Generated note 14. Generated note 14. Generated note 14. ",Value_Sales_Region_14,"Test University 14",Nurture,"Owner 14",https://facebook.com/company14,Customer,2026-03-04,"Campaign 5",Value_Referrer_Email_Address_14,51-200,KL,bc142572-5f7a-4840-b719-20124622c63b,Mdm,"Referrer 14",KL,bd3e9d27-cde8-483c-bc0f-6450f5816b7b,035050060,Value_Secondary_Business_Acc_Mgr_14
121426,"Generated note 15. Generated note 15. Generated note 15. Generated note 15. Generated note 15. Generated note 15. Generated note 15. Generated note 15. Generated note 15. Generated note 15. ",Value_Sales_Region_15,"Test University 15",Converted,"Owner 15",https://facebook.com/company15,Alumni,2026-03-04,"Campaign 1",Value_Referrer_Email_Address_15,201-500,KL,d4b46398-bd66-429e-96ee-69a15b964341,Mr,"Referrer 15",KL,da58e879-1ca2-4259-840e-c835c3fd7d2f,035875244,Value_Secondary_Business_Acc_Mgr_15
51646,"Generated note 16. Generated note 16. Generated note 16. Generated note 16. Generated note 16. Generated note 16. Generated note 16. Generated note 16. Generated note 16. Generated note 16. ",Value_Sales_Region_16,"Test University 16",New,"Owner 16",https://facebook.com/company16,Prospect,2026-03-04,"Campaign 2",Value_Referrer_Email_Address_16,1-10,KL,9649f42b-d6b8-46f8-a993-29825136d1d1,Ms,"Referrer 16",KL,e2f06bfa-4135-482e-b290-cedfe57d6430,031728975,Value_Secondary_Business_Acc_Mgr_16
55642,"Generated note 17. Generated note 17. Generated note 17. Generated note 17. Generated note 17. Generated note 17. Generated note 17. Generated note 17. Generated note 17. Generated note 17. ",Value_Sales_Region_17,"Test University 17",Working,"Owner 17",https://facebook.com/company17,Lead,2026-03-04,"Campaign 3",Value_Referrer_Email_Address_17,11-50,KL,d18d2581-c2b1-4e47-a960-371b85d8421a,Mrs,"Referrer 17",KL,44e9b689-e758-4136-8d19-b8370e0a6064,039501747,Value_Secondary_Business_Acc_Mgr_17
95883,"Generated note 18. Generated note 18. Generated note 18. Generated note 18. Generated note 18. Generated note 18. Generated note 18. Generated note 18. Generated note 18. Generated note 18. ",Value_Sales_Region_18,"Test University 18",Nurture,"Owner 18",https://facebook.com/company18,Customer,2026-03-04,"Campaign 4",Value_Referrer_Email_Address_18,51-200,KL,0e277183-2812-4421-a44a-ed3644dfb836,Dr,"Referrer 18",KL,c8f6a89c-7d84-4b5b-a088-f7cd396f2b22,039287747,Value_Secondary_Business_Acc_Mgr_18
126796,"Generated note 19. Generated note 19. Generated note 19. Generated note 19. Generated note 19. Generated note 19. Generated note 19. Generated note 19. Generated note 19. Generated note 19. ",Value_Sales_Region_19,"Test University 19",Converted,"Owner 19",https://facebook.com/company19,Alumni,2026-03-04,"Campaign 5",Value_Referrer_Email_Address_19,201-500,KL,0aa29862-efe1-4f4b-b2b4-91c84d8928af,Mdm,"Referrer 19",KL,0f325e8f-056b-4853-bcdb-6c7184b7236c,035354274,Value_Secondary_Business_Acc_Mgr_19
53592,"Generated note 20. Generated note 20. Generated note 20. Generated note 20. Generated note 20. Generated note 20. Generated note 20. Generated note 20. Generated note 20. Generated note 20. ",Value_Sales_Region_20,"Test University 20",New,"Owner 20",https://facebook.com/company20,Prospect,2026-03-04,"Campaign 1",Value_Referrer_Email_Address_20,1-10,KL,7d0cd045-a2a5-436d-b3a2-0b9ebee9678b,Mr,"Referrer 20",KL,d1f707cd-b66a-4d4d-b27c-b32cc49b37cc,039004667,Value_Secondary_Business_Acc_Mgr_20
35741,"Generated note 21. Generated note 21. Generated note 21. Generated note 21. Generated note 21. Generated note 21. Generated note 21. Generated note 21. Generated note 21. Generated note 21. ",Value_Sales_Region_21,"Test University 21",Working,"Owner 21",https://facebook.com/company21,Lead,2026-03-04,"Campaign 2",Value_Referrer_Email_Address_21,11-50,KL,f6e5aee9-624c-49bf-b253-977252ccfae1,Ms,"Referrer 21",KL,9ba79d94-93ee-4586-8d4f-804797e9e9db,033308440,Value_Secondary_Business_Acc_Mgr_21
64846,"Generated note 22. Generated note 22. Generated note 22. Generated note 22. Generated note 22. Generated note 22. Generated note 22. Generated note 22. Generated note 22. Generated note 22. ",Value_Sales_Region_22,"Test University 22",Nurture,"Owner 22",https://facebook.com/company22,Customer,2026-03-04,"Campaign 3",Value_Referrer_Email_Address_22,51-200,KL,d514ecfa-5bc6-4d04-abec-7d97a183fc3b,Mrs,"Referrer 22",KL,be17c693-43ad-4dc9-832d-fbf757e14a83,034822678,Value_Secondary_Business_Acc_Mgr_22
38804,"Generated note 23. Generated note 23. Generated note 23. Generated note 23. Generated note 23. Generated note 23. Generated note 23. Generated note 23. Generated note 23. Generated note 23. ",Value_Sales_Region_23,"Test University 23",Converted,"Owner 23",https://facebook.com/company23,Alumni,2026-03-04,"Campaign 4",Value_Referrer_Email_Address_23,201-500,KL,acb83173-0247-47d0-864f-77bf015e3c8f,Dr,"Referrer 23",KL,835f3a59-b0e0-4177-8582-f0c1e0dec2b3,035103288,Value_Secondary_Business_Acc_Mgr_23
149058,"Generated note 24. Generated note 24. Generated note 24. Generated note 24. Generated note 24. Generated note 24. Generated note 24. Generated note 24. Generated note 24. Generated note 24. ",Value_Sales_Region_24,"Test University 24",New,"Owner 24",https://facebook.com/company24,Prospect,2026-03-04,"Campaign 5",Value_Referrer_Email_Address_24,1-10,KL,b865858e-72dc-487b-a4cc-62aacbd0dc10,Mdm,"Referrer 24",KL,ffef0cf5-9510-4a05-8c0d-90c3992b7532,037401824,Value_Secondary_Business_Acc_Mgr_24
78508,"Generated note 25. Generated note 25. Generated note 25. Generated note 25. Generated note 25. Generated note 25. Generated note 25. Generated note 25. Generated note 25. Generated note 25. ",Value_Sales_Region_25,"Test University 25",Working,"Owner 25",https://facebook.com/company25,Lead,2026-03-04,"Campaign 1",Value_Referrer_Email_Address_25,11-50,KL,dd6de6eb-8c46-48d8-8883-e6f01a5b31c5,Mr,"Referrer 25",KL,f8fc4d12-f3ad-4fbc-98fc-119da9177f35,038687074,Value_Secondary_Business_Acc_Mgr_25
100404,"Generated note 26. Generated note 26. Generated note 26. Generated note 26. Generated note 26. Generated note 26. Generated note 26. Generated note 26. Generated note 26. Generated note 26. ",Value_Sales_Region_26,"Test University 26",Nurture,"Owner 26",https://facebook.com/company26,Customer,2026-03-04,"Campaign 2",Value_Referrer_Email_Address_26,51-200,KL,6611ec91-c4ec-454e-a9a5-eea642b70537,Ms,"Referrer 26",KL,75833160-89f1-4925-a178-227c54e74fd9,037922751,Value_Secondary_Business_Acc_Mgr_26
112187,"Generated note 27. Generated note 27. Generated note 27. Generated note 27. Generated note 27. Generated note 27. Generated note 27. Generated note 27. Generated note 27. Generated note 27. ",Value_Sales_Region_27,"Test University 27",Converted,"Owner 27",https://facebook.com/company27,Alumni,2026-03-04,"Campaign 3",Value_Referrer_Email_Address_27,201-500,KL,a0c2731b-07ad-4dd0-83bf-d4fb65ac3752,Mrs,"Referrer 27",KL,177fe46c-f0d9-4067-9ca4-cb032ce6f71f,037823484,Value_Secondary_Business_Acc_Mgr_27
146074,"Generated note 28. Generated note 28. Generated note 28. Generated note 28. Generated note 28. Generated note 28. Generated note 28. Generated note 28. Generated note 28. Generated note 28. ",Value_Sales_Region_28,"Test University 28",New,"Owner 28",https://facebook.com/company28,Prospect,2026-03-04,"Campaign 4",Value_Referrer_Email_Address_28,1-10,KL,63156463-ec7c-4ca2-bb87-6102c2c77707,Dr,"Referrer 28",KL,0795da8b-8e2d-49a3-96d4-13763a1fe249,033387535,Value_Secondary_Business_Acc_Mgr_28
141983,"Generated note 29. Generated note 29. Generated note 29. Generated note 29. Generated note 29. Generated note 29. Generated note 29. Generated note 29. Generated note 29. Generated note 29. ",Value_Sales_Region_29,"Test University 29",Working,"Owner 29",https://facebook.com/company29,Lead,2026-03-04,"Campaign 5",Value_Referrer_Email_Address_29,11-50,KL,cb58b0d5-9e4c-4780-9499-b46833585808,Mdm,"Referrer 29",KL,e0b8a1e9-4d50-460a-886e-96dd1df5871f,036880288,Value_Secondary_Business_Acc_Mgr_29
107966,"Generated note 30. Generated note 30. Generated note 30. Generated note 30. Generated note 30. Generated note 30. Generated note 30. Generated note 30. Generated note 30. Generated note 30. ",Value_Sales_Region_30,"Test University 30",Nurture,"Owner 30",https://facebook.com/company30,Customer,2026-03-04,"Campaign 1",Value_Referrer_Email_Address_30,51-200,KL,0725ca22-ef00-47da-94db-bf710454313a,Mr,"Referrer 30",KL,3217911d-9335-462a-813a-5ac8c4c02da3,031117943,Value_Secondary_Business_Acc_Mgr_30
142757,"Generated note 31. Generated note 31. Generated note 31. Generated note 31. Generated note 31. Generated note 31. Generated note 31. Generated note 31. Generated note 31. Generated note 31. ",Value_Sales_Region_31,"Test University 31",Converted,"Owner 31",https://facebook.com/company31,Alumni,2026-03-04,"Campaign 2",Value_Referrer_Email_Address_31,201-500,KL,dc758809-9392-414d-ae1a-bf043f7a42ea,Ms,"Referrer 31",KL,136c3360-68a3-4a13-b511-b2a6ad365f59,036244667,Value_Secondary_Business_Acc_Mgr_31
134884,"Generated note 32. Generated note 32. Generated note 32. Generated note 32. Generated note 32. Generated note 32. Generated note 32. Generated note 32. Generated note 32. Generated note 32. ",Value_Sales_Region_32,"Test University 32",New,"Owner 32",https://facebook.com/company32,Prospect,2026-03-04,"Campaign 3",Value_Referrer_Email_Address_32,1-10,KL,84279ff5-876f-468e-a634-a785fe2f4294,Mrs,"Referrer 32",KL,671a552f-3ce0-41d8-a89d-5d5248749698,033884263,Value_Secondary_Business_Acc_Mgr_32
107333,"Generated note 33. Generated note 33. Generated note 33. Generated note 33. Generated note 33. Generated note 33. Generated note 33. Generated note 33. Generated note 33. Generated note 33. ",Value_Sales_Region_33,"Test University 33",Working,"Owner 33",https://facebook.com/company33,Lead,2026-03-04,"Campaign 4",Value_Referrer_Email_Address_33,11-50,KL,41353db5-c66f-4ffe-b43b-3d5e65fddfc0,Dr,"Referrer 33",KL,337de653-e99d-4e4c-8062-f05eff54ceb2,036918147,Value_Secondary_Business_Acc_Mgr_33
132148,"Generated note 34. Generated note 34. Generated note 34. Generated note 34. Generated note 34. Generated note 34. Generated note 34. Generated note 34. Generated note 34. Generated note 34. ",Value_Sales_Region_34,"Test University 34",Nurture,"Owner 34",https://facebook.com/company34,Customer,2026-03-04,"Campaign 5",Value_Referrer_Email_Address_34,51-200,KL,0681e783-086b-447f-8b39-5b971a44fc12,Mdm,"Referrer 34",KL,2471bd05-83a0-4713-8b8a-4e59b48279c0,031061594,Value_Secondary_Business_Acc_Mgr_34
114189,"Generated note 35. Generated note 35. Generated note 35. Generated note 35. Generated note 35. Generated note 35. Generated note 35. Generated note 35. Generated note 35. Generated note 35. ",Value_Sales_Region_35,"Test University 35",Converted,"Owner 35",https://facebook.com/company35,Alumni,2026-03-04,"Campaign 1",Value_Referrer_Email_Address_35,201-500,KL,8d718f74-fd29-415f-b1c5-84fbb9a1491f,Mr,"Referrer 35",KL,c347e4fd-74a3-4d43-bab8-5c5cebdb32c0,038167033,Value_Secondary_Business_Acc_Mgr_35
85384,"Generated note 36. Generated note 36. Generated note 36. Generated note 36. Generated note 36. Generated note 36. Generated note 36. Generated note 36. Generated note 36. Generated note 36. ",Value_Sales_Region_36,"Test University 36",New,"Owner 36",https://facebook.com/company36,Prospect,2026-03-04,"Campaign 2",Value_Referrer_Email_Address_36,1-10,KL,a6c85b59-f6f2-4802-be86-b0f2a0c87d29,Ms,"Referrer 36",KL,7cebdf52-bfea-4dfd-b819-b6f17d459f86,039639566,Value_Secondary_Business_Acc_Mgr_36
91036,"Generated note 37. Generated note 37. Generated note 37. Generated note 37. Generated note 37. Generated note 37. Generated note 37. Generated note 37. Generated note 37. Generated note 37. ",Value_Sales_Region_37,"Test University 37",Working,"Owner 37",https://facebook.com/company37,Lead,2026-03-04,"Campaign 3",Value_Referrer_Email_Address_37,11-50,KL,5e7853e4-d5ba-4035-85b4-4565e96b4863,Mrs,"Referrer 37",KL,04bd99bf-919a-46df-a36a-ed1e550e747e,036997720,Value_Secondary_Business_Acc_Mgr_37
127812,"Generated note 38. Generated note 38. Generated note 38. Generated note 38. Generated note 38. Generated note 38. Generated note 38. Generated note 38. Generated note 38. Generated note 38. ",Value_Sales_Region_38,"Test University 38",Nurture,"Owner 38",https://facebook.com/company38,Customer,2026-03-04,"Campaign 4",Value_Referrer_Email_Address_38,51-200,KL,b9468acd-9f81-45b0-ae93-0c00f4bde984,Dr,"Referrer 38",KL,fef62a3f-9c88-4b79-b1ce-e748ba614fb9,039868165,Value_Secondary_Business_Acc_Mgr_38
122082,"Generated note 39. Generated note 39. Generated note 39. Generated note 39. Generated note 39. Generated note 39. Generated note 39. Generated note 39. Generated note 39. Generated note 39. ",Value_Sales_Region_39,"Test University 39",Converted,"Owner 39",https://facebook.com/company39,Alumni,2026-03-04,"Campaign 5",Value_Referrer_Email_Address_39,201-500,KL,a018ef29-53a2-44eb-8757-7793b8c27fda,Mdm,"Referrer 39",KL,c1788cac-bc10-4765-98e3-72b88426ff5b,039186476,Value_Secondary_Business_Acc_Mgr_39
97309,"Generated note 40. Generated note 40. Generated note 40. Generated note 40. Generated note 40. Generated note 40. Generated note 40. Generated note 40. Generated note 40. Generated note 40. ",Value_Sales_Region_40,"Test University 40",New,"Owner 40",https://facebook.com/company40,Prospect,2026-03-04,"Campaign 1",Value_Referrer_Email_Address_40,1-10,KL,a37163f1-367e-43d2-836e-3fa3459dbc4e,Mr,"Referrer 40",KL,e86b5c0e-dfe8-47aa-aa60-d4bbb3abb75f,031575487,Value_Secondary_Business_Acc_Mgr_40
126867,"Generated note 41. Generated note 41. Generated note 41. Generated note 41. Generated note 41. Generated note 41. Generated note 41. Generated note 41. Generated note 41. Generated note 41. ",Value_Sales_Region_41,"Test University 41",Working,"Owner 41",https://facebook.com/company41,Lead,2026-03-04,"Campaign 2",Value_Referrer_Email_Address_41,11-50,KL,c6576ddb-0c1f-42ef-9d48-0de36dd65a7a,Ms,"Referrer 41",KL,b0b8527c-b19f-447f-81ba-c1c35534e16a,037751330,Value_Secondary_Business_Acc_Mgr_41
92575,"Generated note 42. Generated note 42. Generated note 42. Generated note 42. Generated note 42. Generated note 42. Generated note 42. Generated note 42. Generated note 42. Generated note 42. ",Value_Sales_Region_42,"Test University 42",Nurture,"Owner 42",https://facebook.com/company42,Customer,2026-03-04,"Campaign 3",Value_Referrer_Email_Address_42,51-200,KL,38b7bde3-84a4-4a91-be63-51bc9fcdb1cd,Mrs,"Referrer 42",KL,1d671711-ca44-4a06-8221-9bece6aa0c5b,039301618,Value_Secondary_Business_Acc_Mgr_42
58311,"Generated note 43. Generated note 43. Generated note 43. Generated note 43. Generated note 43. Generated note 43. Generated note 43. Generated note 43. Generated note 43. Generated note 43. ",Value_Sales_Region_43,"Test University 43",Converted,"Owner 43",https://facebook.com/company43,Alumni,2026-03-04,"Campaign 4",Value_Referrer_Email_Address_43,201-500,KL,4bd7914e-01e2-43a3-80ff-49d936a0cbcc,Dr,"Referrer 43",KL,588ccf1c-9170-4203-aeee-63659723b1ff,034086623,Value_Secondary_Business_Acc_Mgr_43
125002,"Generated note 44. Generated note 44. Generated note 44. Generated note 44. Generated note 44. Generated note 44. Generated note 44. Generated note 44. Generated note 44. Generated note 44. ",Value_Sales_Region_44,"Test University 44",New,"Owner 44",https://facebook.com/company44,Prospect,2026-03-04,"Campaign 5",Value_Referrer_Email_Address_44,1-10,KL,e36421c1-845f-4ed2-9139-d9c58e207533,Mdm,"Referrer 44",KL,c0be28da-007d-498f-b8de-f7f4a3603b96,031433567,Value_Secondary_Business_Acc_Mgr_44
40429,"Generated note 45. Generated note 45. Generated note 45. Generated note 45. Generated note 45. Generated note 45. Generated note 45. Generated note 45. Generated note 45. Generated note 45. ",Value_Sales_Region_45,"Test University 45",Working,"Owner 45",https://facebook.com/company45,Lead,2026-03-04,"Campaign 1",Value_Referrer_Email_Address_45,11-50,KL,4f69b642-326d-45ea-aae4-d5136a79a523,Mr,"Referrer 45",KL,e1040494-9794-46a4-a0e1-f76fe5bfaba9,032214508,Value_Secondary_Business_Acc_Mgr_45
114133,"Generated note 46. Generated note 46. Generated note 46. Generated note 46. Generated note 46. Generated note 46. Generated note 46. Generated note 46. Generated note 46. Generated note 46. ",Value_Sales_Region_46,"Test University 46",Nurture,"Owner 46",https://facebook.com/company46,Customer,2026-03-04,"Campaign 2",Value_Referrer_Email_Address_46,51-200,KL,f11e8d53-a4cf-45ff-91aa-7c4f996c3f54,Ms,"Referrer 46",KL,8fda6441-f40f-43cb-87ef-afd68a667247,035221701,Value_Secondary_Business_Acc_Mgr_46
51392,"Generated note 47. Generated note 47. Generated note 47. Generated note 47. Generated note 47. Generated note 47. Generated note 47. Generated note 47. Generated note 47. Generated note 47. ",Value_Sales_Region_47,"Test University 47",Converted,"Owner 47",https://facebook.com/company47,Alumni,2026-03-04,"Campaign 3",Value_Referrer_Email_Address_47,201-500,KL,c6ed9ddc-dcd2-44a2-b93d-5a7c5c491074,Mrs,"Referrer 47",KL,889a0ed1-ec12-4aae-8dc4-3d794fe05970,032358513,Value_Secondary_Business_Acc_Mgr_47
50633,"Generated note 48. Generated note 48. Generated note 48. Generated note 48. Generated note 48. Generated note 48. Generated note 48. Generated note 48. Generated note 48. Generated note 48. ",Value_Sales_Region_48,"Test University 48",New,"Owner 48",https://facebook.com/company48,Prospect,2026-03-04,"Campaign 4",Value_Referrer_Email_Address_48,1-10,KL,01f3b3cd-bc65-418a-803c-f7e43af4cd5c,Dr,"Referrer 48",KL,bb131df5-8429-4fdf-8ff3-cc861b811b20,031291134,Value_Secondary_Business_Acc_Mgr_48
66052,"Generated note 49. Generated note 49. Generated note 49. Generated note 49. Generated note 49. Generated note 49. Generated note 49. Generated note 49. Generated note 49. Generated note 49. ",Value_Sales_Region_49,"Test University 49",Working,"Owner 49",https://facebook.com/company49,Lead,2026-03-04,"Campaign 5",Value_Referrer_Email_Address_49,11-50,KL,b1eeb419-d4b1-4eb7-b151-3862c1e6c7c7,Mdm,"Referrer 49",KL,afe3b0ca-2fab-4d28-8818-60c6805c328b,035148629,Value_Secondary_Business_Acc_Mgr_49
38382,"Generated note 50. Generated note 50. Generated note 50. Generated note 50. Generated note 50. Generated note 50. Generated note 50. Generated note 50. Generated note 50. Generated note 50. ",Value_Sales_Region_50,"Test University 50",Nurture,"Owner 50",https://facebook.com/company50,Customer,2026-03-04,"Campaign 1",Value_Referrer_Email_Address_50,51-200,KL,5fb2f13e-3d00-4668-b7ee-4ea1add6efde,Mr,"Referrer 50",KL,77c84b52-6c58-4e67-a5ab-4f3779410491,037581827,Value_Secondary_Business_Acc_Mgr_50
114278,"Generated note 51. Generated note 51. Generated note 51. Generated note 51. Generated note 51. Generated note 51. Generated note 51. Generated note 51. Generated note 51. Generated note 51. ",Value_Sales_Region_51,"Test University 51",Converted,"Owner 51",https://facebook.com/company51,Alumni,2026-03-04,"Campaign 2",Value_Referrer_Email_Address_51,201-500,KL,46621090-81da-4f2d-a9e3-d8095e4cc45c,Ms,"Referrer 51",KL,0d29214e-a0f4-4c68-9453-797a5a593187,036960756,Value_Secondary_Business_Acc_Mgr_51
83399,"Generated note 52. Generated note 52. Generated note 52. Generated note 52. Generated note 52. Generated note 52. Generated note 52. Generated note 52. Generated note 52. Generated note 52. ",Value_Sales_Region_52,"Test University 52",New,"Owner 52",https://facebook.com/company52,Prospect,2026-03-04,"Campaign 3",Value_Referrer_Email_Address_52,1-10,KL,fb3469b3-352e-4d9c-bd2c-d6260e640774,Mrs,"Referrer 52",KL,103d04a2-5609-4d1a-ae21-af5f28d00433,033262480,Value_Secondary_Business_Acc_Mgr_52
75299,"Generated note 53. Generated note 53. Generated note 53. Generated note 53. Generated note 53. Generated note 53. Generated note 53. Generated note 53. Generated note 53. Generated note 53. ",Value_Sales_Region_53,"Test University 53",Working,"Owner 53",https://facebook.com/company53,Lead,2026-03-04,"Campaign 4",Value_Referrer_Email_Address_53,11-50,KL,4471e88a-4511-43f3-bf00-6c29816e176a,Dr,"Referrer 53",KL,0c3a6386-71ec-46a9-bcca-3d017a796245,031929548,Value_Secondary_Business_Acc_Mgr_53
128570,"Generated note 54. Generated note 54. Generated note 54. Generated note 54. Generated note 54. Generated note 54. Generated note 54. Generated note 54. Generated note 54. Generated note 54. ",Value_Sales_Region_54,"Test University 54",Nurture,"Owner 54",https://facebook.com/company54,Customer,2026-03-04,"Campaign 5",Value_Referrer_Email_Address_54,51-200,KL,2998da97-8a5a-4f37-8f35-33d1ef1c4af7,Mdm,"Referrer 54",KL,c22a8233-571b-46d0-86d0-8525ef86253c,039372223,Value_Secondary_Business_Acc_Mgr_54
94883,"Generated note 55. Generated note 55. Generated note 55. Generated note 55. Generated note 55. Generated note 55. Generated note 55. Generated note 55. Generated note 55. Generated note 55. ",Value_Sales_Region_55,"Test University 55",Converted,"Owner 55",https://facebook.com/company55,Alumni,2026-03-04,"Campaign 1",Value_Referrer_Email_Address_55,201-500,KL,d0687be2-487b-4fdc-bbba-f829de21d724,Mr,"Referrer 55",KL,221f2d58-5d42-4754-a663-b901860b7193,038963884,Value_Secondary_Business_Acc_Mgr_55
101822,"Generated note 56. Generated note 56. Generated note 56. Generated note 56. Generated note 56. Generated note 56. Generated note 56. Generated note 56. Generated note 56. Generated note 56. ",Value_Sales_Region_56,"Test University 56",New,"Owner 56",https://facebook.com/company56,Prospect,2026-03-04,"Campaign 2",Value_Referrer_Email_Address_56,1-10,KL,ca7deca5-1ce5-4c2c-8f39-132b89c9a4cb,Ms,"Referrer 56",KL,1bc64016-e9cc-42fa-a87b-7315a1de8cc7,038562458,Value_Secondary_Business_Acc_Mgr_56
108134,"Generated note 57. Generated note 57. Generated note 57. Generated note 57. Generated note 57. Generated note 57. Generated note 57. Generated note 57. Generated note 57. Generated note 57. ",Value_Sales_Region_57,"Test University 57",Working,"Owner 57",https://facebook.com/company57,Lead,2026-03-04,"Campaign 3",Value_Referrer_Email_Address_57,11-50,KL,fc7f7448-e205-48e9-9c54-c1b1e5994f50,Mrs,"Referrer 57",KL,0a89b2c5-0672-4787-9028-3bdbbc7b8283,031008048,Value_Secondary_Business_Acc_Mgr_57
149015,"Generated note 58. Generated note 58. Generated note 58. Generated note 58. Generated note 58. Generated note 58. Generated note 58. Generated note 58. Generated note 58. Generated note 58. ",Value_Sales_Region_58,"Test University 58",Nurture,"Owner 58",https://facebook.com/company58,Customer,2026-03-04,"Campaign 4",Value_Referrer_Email_Address_58,51-200,KL,cafc25df-582a-42e6-96c1-868c5ce23cfe,Dr,"Referrer 58",KL,88d0e7ce-8109-465b-8e92-7dab7096dcea,036427020,Value_Secondary_Business_Acc_Mgr_58
102332,"Generated note 59. Generated note 59. Generated note 59. Generated note 59. Generated note 59. Generated note 59. Generated note 59. Generated note 59. Generated note 59. Generated note 59. ",Value_Sales_Region_59,"Test University 59",Converted,"Owner 59",https://facebook.com/company59,Alumni,2026-03-04,"Campaign 5",Value_Referrer_Email_Address_59,201-500,KL,f3a4c42c-8253-48af-af09-3540b382fd0a,Mdm,"Referrer 59",KL,fd5009c6-2f6c-4d76-b289-d826cd210090,031912978,Value_Secondary_Business_Acc_Mgr_59
40271,"Generated note 60. Generated note 60. Generated note 60. Generated note 60. Generated note 60. Generated note 60. Generated note 60. Generated note 60. Generated note 60. Generated note 60. ",Value_Sales_Region_60,"Test University 60",New,"Owner 60",https://facebook.com/company60,Prospect,2026-03-04,"Campaign 1",Value_Referrer_Email_Address_60,1-10,KL,c891b829-fcfe-4dcd-b550-8f66beff33e7,Mr,"Referrer 60",KL,f03decbe-bec7-439c-a385-22abcce64e78,033609310,Value_Secondary_Business_Acc_Mgr_60
99558,"Generated note 61. Generated note 61. Generated note 61. Generated note 61. Generated note 61. Generated note 61. Generated note 61. Generated note 61. Generated note 61. Generated note 61. ",Value_Sales_Region_61,"Test University 61",Working,"Owner 61",https://facebook.com/company61,Lead,2026-03-04,"Campaign 2",Value_Referrer_Email_Address_61,11-50,KL,d86a3a39-7e75-4b0e-8252-de11a6e01146,Ms,"Referrer 61",KL,c71aff65-0dc1-4869-a2cf-97d187366bde,031074789,Value_Secondary_Business_Acc_Mgr_61
75302,"Generated note 62. Generated note 62. Generated note 62. Generated note 62. Generated note 62. Generated note 62. Generated note 62. Generated note 62. Generated note 62. Generated note 62. ",Value_Sales_Region_62,"Test University 62",Nurture,"Owner 62",https://facebook.com/company62,Customer,2026-03-04,"Campaign 3",Value_Referrer_Email_Address_62,51-200,KL,4a1949ea-38a1-4cd7-ad45-5963afc5e7ac,Mrs,"Referrer 62",KL,a2cd17b0-39dd-469d-8bc7-20cc6d41ad57,037524146,Value_Secondary_Business_Acc_Mgr_62
117831,"Generated note 63. Generated note 63. Generated note 63. Generated note 63. Generated note 63. Generated note 63. Generated note 63. Generated note 63. Generated note 63. Generated note 63. ",Value_Sales_Region_63,"Test University 63",Converted,"Owner 63",https://facebook.com/company63,Alumni,2026-03-04,"Campaign 4",Value_Referrer_Email_Address_63,201-500,KL,e4bc1c79-8f14-478c-a0f4-6f21fbd8c4b6,Dr,"Referrer 63",KL,95b82157-132d-452a-8f6a-39eec5ddf407,036393998,Value_Secondary_Business_Acc_Mgr_63
122119,"Generated note 64. Generated note 64. Generated note 64. Generated note 64. Generated note 64. Generated note 64. Generated note 64. Generated note 64. Generated note 64. Generated note 64. ",Value_Sales_Region_64,"Test University 64",New,"Owner 64",https://facebook.com/company64,Prospect,2026-03-04,"Campaign 5",Value_Referrer_Email_Address_64,1-10,KL,940a9591-7e13-44eb-af55-0605629a0695,Mdm,"Referrer 64",KL,0f988005-7cb6-4e9d-b1b5-45f4e0fa7acd,032162539,Value_Secondary_Business_Acc_Mgr_64
76135,"Generated note 65. Generated note 65. Generated note 65. Generated note 65. Generated note 65. Generated note 65. Generated note 65. Generated note 65. Generated note 65. Generated note 65. ",Value_Sales_Region_65,"Test University 65",Working,"Owner 65",https://facebook.com/company65,Lead,2026-03-04,"Campaign 1",Value_Referrer_Email_Address_65,11-50,KL,0c9940da-4a1a-4303-824d-10ecc6039f5b,Mr,"Referrer 65",KL,c8b46487-40a1-4504-833a-2d765c4c3c19,038379570,Value_Secondary_Business_Acc_Mgr_65
82210,"Generated note 66. Generated note 66. Generated note 66. Generated note 66. Generated note 66. Generated note 66. Generated note 66. Generated note 66. Generated note 66. Generated note 66. ",Value_Sales_Region_66,"Test University 66",Nurture,"Owner 66",https://facebook.com/company66,Customer,2026-03-04,"Campaign 2",Value_Referrer_Email_Address_66,51-200,KL,db996d09-04ad-4d3a-9a1e-315ea139b53b,Ms,"Referrer 66",KL,f351b3b9-b010-453d-9d37-1e6eb4400501,034962609,Value_Secondary_Business_Acc_Mgr_66
140981,"Generated note 67. Generated note 67. Generated note 67. Generated note 67. Generated note 67. Generated note 67. Generated note 67. Generated note 67. Generated note 67. Generated note 67. ",Value_Sales_Region_67,"Test University 67",Converted,"Owner 67",https://facebook.com/company67,Alumni,2026-03-04,"Campaign 3",Value_Referrer_Email_Address_67,201-500,KL,916a2942-c24d-4515-823f-ed1fe52094e0,Mrs,"Referrer 67",KL,2b6751be-9e94-4490-9aca-101b2bbff1a5,038214398,Value_Secondary_Business_Acc_Mgr_67
51232,"Generated note 68. Generated note 68. Generated note 68. Generated note 68. Generated note 68. Generated note 68. Generated note 68. Generated note 68. Generated note 68. Generated note 68. ",Value_Sales_Region_68,"Test University 68",New,"Owner 68",https://facebook.com/company68,Prospect,2026-03-04,"Campaign 4",Value_Referrer_Email_Address_68,1-10,KL,8a84db2a-d4a3-4ee3-8a18-74257761028b,Dr,"Referrer 68",KL,3a3e1655-4c3a-4497-a9ac-d6195a077bf4,035471444,Value_Secondary_Business_Acc_Mgr_68
127829,"Generated note 69. Generated note 69. Generated note 69. Generated note 69. Generated note 69. Generated note 69. Generated note 69. Generated note 69. Generated note 69. Generated note 69. ",Value_Sales_Region_69,"Test University 69",Working,"Owner 69",https://facebook.com/company69,Lead,2026-03-04,"Campaign 5",Value_Referrer_Email_Address_69,11-50,KL,05b7d056-f9ce-4c28-99cd-0cddbb97d23d,Mdm,"Referrer 69",KL,0717a695-41f5-436d-85c3-b4b45430466f,037058881,Value_Secondary_Business_Acc_Mgr_69
47786,"Generated note 70. Generated note 70. Generated note 70. Generated note 70. Generated note 70. Generated note 70. Generated note 70. Generated note 70. Generated note 70. Generated note 70. ",Value_Sales_Region_70,"Test University 70",Nurture,"Owner 70",https://facebook.com/company70,Customer,2026-03-04,"Campaign 1",Value_Referrer_Email_Address_70,51-200,KL,a7049a95-f1ba-428c-bc73-c7d4e7c22e2c,Mr,"Referrer 70",KL,d47cff87-e39a-420b-8fe1-c9bf47e835e5,039024114,Value_Secondary_Business_Acc_Mgr_70
122659,"Generated note 71. Generated note 71. Generated note 71. Generated note 71. Generated note 71. Generated note 71. Generated note 71. Generated note 71. Generated note 71. Generated note 71. ",Value_Sales_Region_71,"Test University 71",Converted,"Owner 71",https://facebook.com/company71,Alumni,2026-03-04,"Campaign 2",Value_Referrer_Email_Address_71,201-500,KL,46edc2a4-d7e7-4637-95ad-9be96df998a1,Ms,"Referrer 71",KL,3d4e4ea6-bf4a-4806-959f-1b777e903cb4,034043761,Value_Secondary_Business_Acc_Mgr_71
111079,"Generated note 72. Generated note 72. Generated note 72. Generated note 72. Generated note 72. Generated note 72. Generated note 72. Generated note 72. Generated note 72. Generated note 72. ",Value_Sales_Region_72,"Test University 72",New,"Owner 72",https://facebook.com/company72,Prospect,2026-03-04,"Campaign 3",Value_Referrer_Email_Address_72,1-10,KL,6e30fb04-15ba-4828-b329-26bf879efb10,Mrs,"Referrer 72",KL,12608d5e-ee44-473c-87dc-a79b1e2ae733,033075372,Value_Secondary_Business_Acc_Mgr_72
41383,"Generated note 73. Generated note 73. Generated note 73. Generated note 73. Generated note 73. Generated note 73. Generated note 73. Generated note 73. Generated note 73. Generated note 73. ",Value_Sales_Region_73,"Test University 73",Working,"Owner 73",https://facebook.com/company73,Lead,2026-03-04,"Campaign 4",Value_Referrer_Email_Address_73,11-50,KL,402ee2de-a40b-4d64-991e-d29c7846b660,Dr,"Referrer 73",KL,b70176e5-3393-4297-ba51-c39c6be77067,038876501,Value_Secondary_Business_Acc_Mgr_73
127582,"Generated note 74. Generated note 74. Generated note 74. Generated note 74. Generated note 74. Generated note 74. Generated note 74. Generated note 74. Generated note 74. Generated note 74. ",Value_Sales_Region_74,"Test University 74",Nurture,"Owner 74",https://facebook.com/company74,Customer,2026-03-04,"Campaign 5",Value_Referrer_Email_Address_74,51-200,KL,05e6180b-6a7d-4033-a315-7e2ec25a3673,Mdm,"Referrer 74",KL,3f53b5bd-2442-4ce0-af87-5652f900ea3e,032830908,Value_Secondary_Business_Acc_Mgr_74
68906,"Generated note 75. Generated note 75. Generated note 75. Generated note 75. Generated note 75. Generated note 75. Generated note 75. Generated note 75. Generated note 75. Generated note 75. ",Value_Sales_Region_75,"Test University 75",Converted,"Owner 75",https://facebook.com/company75,Alumni,2026-03-04,"Campaign 1",Value_Referrer_Email_Address_75,201-500,KL,e22b4e81-3dab-4182-9c1c-873f535dafc5,Mr,"Referrer 75",KL,840e2bc1-35dd-4794-8bad-6108664d5f36,035437674,Value_Secondary_Business_Acc_Mgr_75
139678,"Generated note 76. Generated note 76. Generated note 76. Generated note 76. Generated note 76. Generated note 76. Generated note 76. Generated note 76. Generated note 76. Generated note 76. ",Value_Sales_Region_76,"Test University 76",New,"Owner 76",https://facebook.com/company76,Prospect,2026-03-04,"Campaign 2",Value_Referrer_Email_Address_76,1-10,KL,10b26b3e-d534-4667-8037-df618e8755db,Ms,"Referrer 76",KL,bcbb99af-9feb-46cd-b5e1-f3f09a503dc0,033905014,Value_Secondary_Business_Acc_Mgr_76
105657,"Generated note 77. Generated note 77. Generated note 77. Generated note 77. Generated note 77. Generated note 77. Generated note 77. Generated note 77. Generated note 77. Generated note 77. ",Value_Sales_Region_77,"Test University 77",Working,"Owner 77",https://facebook.com/company77,Lead,2026-03-04,"Campaign 3",Value_Referrer_Email_Address_77,11-50,KL,fb863a87-d4c5-4d15-ab2e-7f3abb173d0f,Mrs,"Referrer 77",KL,48060097-2b7d-4541-8944-54c25d80ac02,037591682,Value_Secondary_Business_Acc_Mgr_77
108652,"Generated note 78. Generated note 78. Generated note 78. Generated note 78. Generated note 78. Generated note 78. Generated note 78. Generated note 78. Generated note 78. Generated note 78. ",Value_Sales_Region_78,"Test University 78",Nurture,"Owner 78",https://facebook.com/company78,Customer,2026-03-04,"Campaign 4",Value_Referrer_Email_Address_78,51-200,KL,17d8647b-723a-44b5-a5c6-b40724585980,Dr,"Referrer 78",KL,ff0d9bba-16f2-4808-bd60-9a95f4a223c6,034540135,Value_Secondary_Business_Acc_Mgr_78
91786,"Generated note 79. Generated note 79. Generated note 79. Generated note 79. Generated note 79. Generated note 79. Generated note 79. Generated note 79. Generated note 79. Generated note 79. ",Value_Sales_Region_79,"Test University 79",Converted,"Owner 79",https://facebook.com/company79,Alumni,2026-03-04,"Campaign 5",Value_Referrer_Email_Address_79,201-500,KL,f76dde63-3123-42b6-bf7d-3fa941ff7ad2,Mdm,"Referrer 79",KL,e039dc8f-c99f-4b6d-b0da-0cf388a71361,034845272,Value_Secondary_Business_Acc_Mgr_79
126812,"Generated note 80. Generated note 80. Generated note 80. Generated note 80. Generated note 80. Generated note 80. Generated note 80. Generated note 80. Generated note 80. Generated note 80. ",Value_Sales_Region_80,"Test University 80",New,"Owner 80",https://facebook.com/company80,Prospect,2026-03-04,"Campaign 1",Value_Referrer_Email_Address_80,1-10,KL,80abd942-f1db-44c6-869f-03dbdca81e43,Mr,"Referrer 80",KL,a12da0f1-6dca-4fac-bb9e-11a792028543,036965860,Value_Secondary_Business_Acc_Mgr_80
112030,"Generated note 81. Generated note 81. Generated note 81. Generated note 81. Generated note 81. Generated note 81. Generated note 81. Generated note 81. Generated note 81. Generated note 81. ",Value_Sales_Region_81,"Test University 81",Working,"Owner 81",https://facebook.com/company81,Lead,2026-03-04,"Campaign 2",Value_Referrer_Email_Address_81,11-50,KL,9478bd24-0c24-4f04-9a03-4a5e1dd82b6a,Ms,"Referrer 81",KL,801cf3b6-5586-4a8d-805b-6e7d625bd361,036532985,Value_Secondary_Business_Acc_Mgr_81
100952,"Generated note 82. Generated note 82. Generated note 82. Generated note 82. Generated note 82. Generated note 82. Generated note 82. Generated note 82. Generated note 82. Generated note 82. ",Value_Sales_Region_82,"Test University 82",Nurture,"Owner 82",https://facebook.com/company82,Customer,2026-03-04,"Campaign 3",Value_Referrer_Email_Address_82,51-200,KL,95f0a417-2392-42c2-b9c4-59cd2786da3e,Mrs,"Referrer 82",KL,332cc9dd-e612-426a-bb0b-32b7b6497f9d,039805607,Value_Secondary_Business_Acc_Mgr_82
124083,"Generated note 83. Generated note 83. Generated note 83. Generated note 83. Generated note 83. Generated note 83. Generated note 83. Generated note 83. Generated note 83. Generated note 83. ",Value_Sales_Region_83,"Test University 83",Converted,"Owner 83",https://facebook.com/company83,Alumni,2026-03-04,"Campaign 4",Value_Referrer_Email_Address_83,201-500,KL,bebb7ae1-2c2d-43d9-8aa2-22cb22b08a93,Dr,"Referrer 83",KL,6cdc3479-8ef6-46f2-ae89-d0d67176dd01,033990721,Value_Secondary_Business_Acc_Mgr_83
94220,"Generated note 84. Generated note 84. Generated note 84. Generated note 84. Generated note 84. Generated note 84. Generated note 84. Generated note 84. Generated note 84. Generated note 84. ",Value_Sales_Region_84,"Test University 84",New,"Owner 84",https://facebook.com/company84,Prospect,2026-03-04,"Campaign 5",Value_Referrer_Email_Address_84,1-10,KL,42d2cb30-ef1a-41db-b82b-fa630a277d94,Mdm,"Referrer 84",KL,3d07a73b-775f-45aa-bb72-2e349343f96d,037408403,Value_Secondary_Business_Acc_Mgr_84
104879,"Generated note 85. Generated note 85. Generated note 85. Generated note 85. Generated note 85. Generated note 85. Generated note 85. Generated note 85. Generated note 85. Generated note 85. ",Value_Sales_Region_85,"Test University 85",Working,"Owner 85",https://facebook.com/company85,Lead,2026-03-04,"Campaign 1",Value_Referrer_Email_Address_85,11-50,KL,0b4f779a-81f5-4da6-b7ff-11aacca64de7,Mr,"Referrer 85",KL,0ac28bf3-eb94-4ed5-8a03-37dfbf676fc1,033140597,Value_Secondary_Business_Acc_Mgr_85
40042,"Generated note 86. Generated note 86. Generated note 86. Generated note 86. Generated note 86. Generated note 86. Generated note 86. Generated note 86. Generated note 86. Generated note 86. ",Value_Sales_Region_86,"Test University 86",Nurture,"Owner 86",https://facebook.com/company86,Customer,2026-03-04,"Campaign 2",Value_Referrer_Email_Address_86,51-200,KL,e07f74ad-1fe7-403c-bdd3-c8e60e5f610c,Ms,"Referrer 86",KL,599af3f1-f51c-4e11-9fb2-19db2e454d7a,037921263,Value_Secondary_Business_Acc_Mgr_86
31879,"Generated note 87. Generated note 87. Generated note 87. Generated note 87. Generated note 87. Generated note 87. Generated note 87. Generated note 87. Generated note 87. Generated note 87. ",Value_Sales_Region_87,"Test University 87",Converted,"Owner 87",https://facebook.com/company87,Alumni,2026-03-04,"Campaign 3",Value_Referrer_Email_Address_87,201-500,KL,00c5a889-1124-4fa2-8461-7fb4896c49ac,Mrs,"Referrer 87",KL,76bbbec9-dc22-477b-b41e-8061062f02da,036346555,Value_Secondary_Business_Acc_Mgr_87
116527,"Generated note 88. Generated note 88. Generated note 88. Generated note 88. Generated note 88. Generated note 88. Generated note 88. Generated note 88. Generated note 88. Generated note 88. ",Value_Sales_Region_88,"Test University 88",New,"Owner 88",https://facebook.com/company88,Prospect,2026-03-04,"Campaign 4",Value_Referrer_Email_Address_88,1-10,KL,5a10ba9e-a7b8-426d-9140-47b1b564e722,Dr,"Referrer 88",KL,d034c854-a588-46ec-9fa3-e60592f6ec5f,035901727,Value_Secondary_Business_Acc_Mgr_88
45138,"Generated note 89. Generated note 89. Generated note 89. Generated note 89. Generated note 89. Generated note 89. Generated note 89. Generated note 89. Generated note 89. Generated note 89. ",Value_Sales_Region_89,"Test University 89",Working,"Owner 89",https://facebook.com/company89,Lead,2026-03-04,"Campaign 5",Value_Referrer_Email_Address_89,11-50,KL,d8041211-9807-4fa3-a4dc-06f78a3246c7,Mdm,"Referrer 89",KL,d8309155-028e-4254-9b83-4fe8b1fd0281,031500758,Value_Secondary_Business_Acc_Mgr_89
139561,"Generated note 90. Generated note 90. Generated note 90. Generated note 90. Generated note 90. Generated note 90. Generated note 90. Generated note 90. Generated note 90. Generated note 90. ",Value_Sales_Region_90,"Test University 90",Nurture,"Owner 90",https://facebook.com/company90,Customer,2026-03-04,"Campaign 1",Value_Referrer_Email_Address_90,51-200,KL,b91ae305-0803-4e07-8cba-297f9278610a,Mr,"Referrer 90",KL,fb7cf9dd-2d7d-49e9-b0b2-8fb6aa747732,033764383,Value_Secondary_Business_Acc_Mgr_90
46977,"Generated note 91. Generated note 91. Generated note 91. Generated note 91. Generated note 91. Generated note 91. Generated note 91. Generated note 91. Generated note 91. Generated note 91. ",Value_Sales_Region_91,"Test University 91",Converted,"Owner 91",https://facebook.com/company91,Alumni,2026-03-04,"Campaign 2",Value_Referrer_Email_Address_91,201-500,KL,6ee2676b-49b8-498d-901d-809c5d18a3a2,Ms,"Referrer 91",KL,5d6cb2de-8952-43c2-a23c-fce7fea4b28d,034223717,Value_Secondary_Business_Acc_Mgr_91
35400,"Generated note 92. Generated note 92. Generated note 92. Generated note 92. Generated note 92. Generated note 92. Generated note 92. Generated note 92. Generated note 92. Generated note 92. ",Value_Sales_Region_92,"Test University 92",New,"Owner 92",https://facebook.com/company92,Prospect,2026-03-04,"Campaign 3",Value_Referrer_Email_Address_92,1-10,KL,75295a50-b8d6-42d7-b11d-7f5d24f19f68,Mrs,"Referrer 92",KL,074f6a3b-a912-4476-89fa-fa66c48a6579,031444185,Value_Secondary_Business_Acc_Mgr_92
147623,"Generated note 93. Generated note 93. Generated note 93. Generated note 93. Generated note 93. Generated note 93. Generated note 93. Generated note 93. Generated note 93. Generated note 93. ",Value_Sales_Region_93,"Test University 93",Working,"Owner 93",https://facebook.com/company93,Lead,2026-03-04,"Campaign 4",Value_Referrer_Email_Address_93,11-50,KL,29a257e0-1fa3-4ff2-a49f-d84f9f46cb4e,Dr,"Referrer 93",KL,9a7a112e-276e-4297-8219-7a132fde8073,031838402,Value_Secondary_Business_Acc_Mgr_93
75425,"Generated note 94. Generated note 94. Generated note 94. Generated note 94. Generated note 94. Generated note 94. Generated note 94. Generated note 94. Generated note 94. Generated note 94. ",Value_Sales_Region_94,"Test University 94",Nurture,"Owner 94",https://facebook.com/company94,Customer,2026-03-04,"Campaign 5",Value_Referrer_Email_Address_94,51-200,KL,38ac10c9-6445-4e90-83a6-d2c9137590a5,Mdm,"Referrer 94",KL,feadb7a8-6f88-4462-9014-1137e5e46025,037081407,Value_Secondary_Business_Acc_Mgr_94
128581,"Generated note 95. Generated note 95. Generated note 95. Generated note 95. Generated note 95. Generated note 95. Generated note 95. Generated note 95. Generated note 95. Generated note 95. ",Value_Sales_Region_95,"Test University 95",Converted,"Owner 95",https://facebook.com/company95,Alumni,2026-03-04,"Campaign 1",Value_Referrer_Email_Address_95,201-500,KL,015c49bd-ad2a-41c6-a7ae-1c0c7511119a,Mr,"Referrer 95",KL,306caec3-a239-4d63-96d2-71bb63960519,034656011,Value_Secondary_Business_Acc_Mgr_95
44237,"Generated note 96. Generated note 96. Generated note 96. Generated note 96. Generated note 96. Generated note 96. Generated note 96. Generated note 96. Generated note 96. Generated note 96. ",Value_Sales_Region_96,"Test University 96",New,"Owner 96",https://facebook.com/company96,Prospect,2026-03-04,"Campaign 2",Value_Referrer_Email_Address_96,1-10,KL,e1b5d2dc-5794-4191-a960-5b9da858ccbf,Ms,"Referrer 96",KL,09c50bba-0983-4d70-a9ec-e439d58faa18,031799980,Value_Secondary_Business_Acc_Mgr_96
67907,"Generated note 97. Generated note 97. Generated note 97. Generated note 97. Generated note 97. Generated note 97. Generated note 97. Generated note 97. Generated note 97. Generated note 97. ",Value_Sales_Region_97,"Test University 97",Working,"Owner 97",https://facebook.com/company97,Lead,2026-03-04,"Campaign 3",Value_Referrer_Email_Address_97,11-50,KL,a0d1fa23-f64f-4550-a27a-c839ddcc0d4f,Mrs,"Referrer 97",KL,b051f833-c2ae-428b-ac06-3b7c098758f5,031753031,Value_Secondary_Business_Acc_Mgr_97
58235,"Generated note 98. Generated note 98. Generated note 98. Generated note 98. Generated note 98. Generated note 98. Generated note 98. Generated note 98. Generated note 98. Generated note 98. ",Value_Sales_Region_98,"Test University 98",Nurture,"Owner 98",https://facebook.com/company98,Customer,2026-03-04,"Campaign 4",Value_Referrer_Email_Address_98,51-200,KL,43ddaf48-e2e4-4c20-a4ba-1d0ac642845c,Dr,"Referrer 98",KL,e0c508fa-e8b5-4dd9-aeb3-f518f8e17695,032121574,Value_Secondary_Business_Acc_Mgr_98
148336,"Generated note 99. Generated note 99. Generated note 99. Generated note 99. Generated note 99. Generated note 99. Generated note 99. Generated note 99. Generated note 99. Generated note 99. ",Value_Sales_Region_99,"Test University 99",Converted,"Owner 99",https://facebook.com/company99,Alumni,2026-03-04,"Campaign 5",Value_Referrer_Email_Address_99,201-500,KL,1d4467da-8abf-4f49-a1af-89fe1fe21558,Mdm,"Referrer 99",KL,963482d9-af62-4115-a434-8177836ce988,036918021,Value_Secondary_Business_Acc_Mgr_99
91890,"Generated note 100. Generated note 100. Generated note 100. Generated note 100. Generated note 100. Generated note 100. Generated note 100. Generated note 100. Generated note 100. Generated note 100. ",Value_Sales_Region_100,"Test University 100",New,"Owner 100",https://facebook.com/company100,Prospect,2026-03-04,"Campaign 1",Value_Referrer_Email_Address_100,1-10,KL,6562e157-2cbc-4c36-9654-047189aae7a6,Mr,"Referrer 100",KL,c5db13d8-bd57-4e7c-b9ad-3628aa8c53a2,031102782,Value_Secondary_Business_Acc_Mgr_100
